make,model,trans,comb,dim
neutral,male,Smash,40.1,./mostphotos/neutral1603702538.593845.jpg
happy,male,Smash,91.4,./mostphotos/happy1603702542.047252.jpg
happy,male,Smash,94.5,./mostphotos/happy1603702542.912168.jpg
happy,male,Smash,81.5,./mostphotos/happy1603702543.771304.jpg
happy,male,Smash,54.3,./mostphotos/happy1603702544.674888.jpg
happy,male,Smash,83.4,./mostphotos/happy1603702545.528073.jpg
fear,male,Smash,49.5,./mostphotos/fear1603702546.4258182.jpg
angry,male,Smash,58.5,./mostphotos/angry1603702547.283586.jpg
angry,male,Smash,88.0,./mostphotos/angry1603702548.1507452.jpg
angry,male,Smash,43.2,./mostphotos/angry1603702549.002524.jpg
neutral,male,Smash,48.9,./mostphotos/neutral1603702549.8594701.jpg
neutral,male,Smash,47.0,./mostphotos/neutral1603702550.727721.jpg
neutral,male,Smash,49.7,./mostphotos/neutral1603702554.1720488.jpg
neutral,male,Smash,40.9,./mostphotos/neutral1603702555.035598.jpg
neutral,male,Smash,49.4,./mostphotos/neutral1603702555.890357.jpg
neutral,male,Smash,62.0,./mostphotos/neutral1603702556.751988.jpg
angry,male,Smash,61.9,./mostphotos/angry1603702556.760412.jpg
neutral,male,Smash,55.0,./mostphotos/neutral1603702557.6204119.jpg
angry,male,Smash,60.0,./mostphotos/angry1603702557.629024.jpg
neutral,male,Smash,61.1,./mostphotos/neutral1603702559.3424199.jpg
neutral,male,Smash,57.9,./mostphotos/neutral1603702560.228995.jpg
