Company Name	Ticker	Primary Industry	CRSC Industry
Omnicom Group Inc.	OMC	Advertising	Culture, Sports and Entertainment
The Interpublic Group of Companies, Inc.	IPG	Advertising	Culture, Sports and Entertainment
General Dynamics Corporation	GD	Aerospace and Defense	Manufacture
Howmet Aerospace Inc.	HWM	Aerospace and Defense	Manufacture
Huntington Ingalls Industries, Inc.	HII	Aerospace and Defense	Manufacture
L3Harris Technologies, Inc.	LHX	Aerospace and Defense	Manufacture
Lockheed Martin Corporation	LMT	Aerospace and Defense	Manufacture
Northrop Grumman Corporation	NOC	Aerospace and Defense	Manufacture
Raytheon Technologies Corporation	RTX	Aerospace and Defense	Manufacture
Teledyne Technologies Incorporated	TDY	Aerospace and Defense	Manufacture
Textron Inc.	TXT	Aerospace and Defense	Manufacture
The Boeing Company	BA	Aerospace and Defense	Manufacture
TransDigm Group Incorporated	TDG	Aerospace and Defense	Manufacture
Deere & Company	DE	Agricultural and Farm Machinery	Livestock Farming
Archer-Daniels-Midland Company	ADM	Agricultural Products	Manufacture
C.H. Robinson Worldwide, Inc.	CHRW	Air Freight and Logistics	Transportation, Warehousing and Postal Services
Expeditors International of Washington, Inc.	EXPD	Air Freight and Logistics	Transportation, Warehousing and Postal Services
FedEx Corporation	FDX	Air Freight and Logistics	Transportation, Warehousing and Postal Services
United Parcel Service, Inc.	UPS	Air Freight and Logistics	Transportation, Warehousing and Postal Services
Alaska Air Group, Inc.	ALK	Airlines	Transportation, Warehousing and Postal Services
American Airlines Group Inc.	AAL	Airlines	Transportation, Warehousing and Postal Services
Delta Air Lines, Inc.	DAL	Airlines	Transportation, Warehousing and Postal Services
Southwest Airlines Co.	LUV	Airlines	Transportation, Warehousing and Postal Services
United Airlines Holdings, Inc.	UAL	Airlines	Transportation, Warehousing and Postal Services
CenturyLink, Inc.	CTL	Alternative Carriers	Transportation, Warehousing and Postal Services
L Brands, Inc.	LB	Apparel Retail	Wholesale and Retail
Ross Stores, Inc.	ROST	Apparel Retail	Wholesale and Retail
The Gap, Inc.	GPS	Apparel Retail	Wholesale and Retail
The TJX Companies, Inc.	TJX	Apparel Retail	Wholesale and Retail
Hanesbrands Inc.	HBI	Apparel, Accessories and Luxury Goods	Wholesale and Retail
PVH Corp.	PVH	Apparel, Accessories and Luxury Goods	Wholesale and Retail
Ralph Lauren Corporation	RL	Apparel, Accessories and Luxury Goods	Wholesale and Retail
Tapestry, Inc.	TPR	Apparel, Accessories and Luxury Goods	Wholesale and Retail
Under Armour, Inc.	UA	Apparel, Accessories and Luxury Goods	Wholesale and Retail
Under Armour, Inc.	UAA	Apparel, Accessories and Luxury Goods	Wholesale and Retail
V.F. Corporation	VFC	Apparel, Accessories and Luxury Goods	Wholesale and Retail
Adobe Inc.	ADBE	Application Software	Software and IT Services
ANSYS, Inc.	ANSS	Application Software	Software and IT Services
Autodesk, Inc.	ADSK	Application Software	Software and IT Services
Cadence Design Systems, Inc.	CDNS	Application Software	Software and IT Services
Citrix Systems, Inc.	CTXS	Application Software	Software and IT Services
Intuit Inc.	INTU	Application Software	Software and IT Services
Paycom Software, Inc.	PAYC	Application Software	Software and IT Services
salesforce.com, inc.	CRM	Application Software	Software and IT Services
Synopsys, Inc.	SNPS	Application Software	Software and IT Services
Tyler Technologies, Inc.	TYL	Application Software	Software and IT Services
Ameriprise Financial, Inc.	AMP	Asset Management and Custody Banks	Finance
BlackRock, Inc.	BLK	Asset Management and Custody Banks	Finance
Franklin Resources, Inc.	BEN	Asset Management and Custody Banks	Finance
Invesco Ltd.	IVZ	Asset Management and Custody Banks	Finance
Northern Trust Corporation	NTRS	Asset Management and Custody Banks	Finance
State Street Corporation	STT	Asset Management and Custody Banks	Finance
T. Rowe Price Group, Inc.	TROW	Asset Management and Custody Banks	Finance
The Bank of New York Mellon Corporation	BK	Asset Management and Custody Banks	Finance
Aptiv PLC	APTV	Auto Parts and Equipment	Manufacture
BorgWarner Inc.	BWA	Auto Parts and Equipment	Manufacture
Ford Motor Company	F	Automobile Manufacturers	Manufacture
General Motors Company	GM	Automobile Manufacturers	Manufacture
Advance Auto Parts, Inc.	AAP	Automotive Retail	Wholesale and Retail
AutoZone, Inc.	AZO	Automotive Retail	Wholesale and Retail
CarMax, Inc.	KMX	Automotive Retail	Wholesale and Retail
O'Reilly Automotive, Inc.	ORLY	Automotive Retail	Wholesale and Retail
AbbVie Inc.	ABBV	Biotechnology	Research and Technology Services
Alexion Pharmaceuticals, Inc.	ALXN	Biotechnology	Research and Technology Services
Amgen Inc.	AMGN	Biotechnology	Research and Technology Services
Biogen Inc.	BIIB	Biotechnology	Research and Technology Services
Gilead Sciences, Inc.	GILD	Biotechnology	Research and Technology Services
Incyte Corporation	INCY	Biotechnology	Research and Technology Services
Regeneron Pharmaceuticals, Inc.	REGN	Biotechnology	Research and Technology Services
Vertex Pharmaceuticals Incorporated	VRTX	Biotechnology	Research and Technology Services
Molson Coors Beverage Company	TAP	Brewers	Manufacture
Discovery, Inc.	DISC.A	Broadcasting	Software and IT Services
Discovery, Inc.	DISC.K	Broadcasting	Software and IT Services
Fox Corporation	FOX	Broadcasting	Software and IT Services
Fox Corporation	FOXA	Broadcasting	Software and IT Services
ViacomCBS Inc.	VIAC	Broadcasting	Software and IT Services
A. O. Smith Corporation	AOS	Building Products	Architecture
Allegion plc	ALLE	Building Products	Architecture
Carrier Global Corporation	CARR	Building Products	Architecture
Fortune Brands Home & Security, Inc.	FBHS	Building Products	Architecture
Johnson Controls International plc	JCI	Building Products	Architecture
Masco Corporation	MAS	Building Products	Architecture
Trane Technologies plc	TT	Building Products	Architecture
Charter Communications, Inc.	CHTR	Cable and Satellite	Manufacture
Comcast Corporation	CMCS.A	Cable and Satellite	Manufacture
DISH Network Corporation	DISH	Cable and Satellite	Manufacture
Las Vegas Sands Corp.	LVS	Casinos and Gaming	Culture, Sports and Entertainment
MGM Resorts International	MGM	Casinos and Gaming	Culture, Sports and Entertainment
Wynn Resorts, Limited	WYNN	Casinos and Gaming	Culture, Sports and Entertainment
Dow Inc.	DOW	Commodity Chemicals	Manufacture
LyondellBasell Industries N.V.	LYB	Commodity Chemicals	Manufacture
Arista Networks, Inc.	ANET	Communications Equipment	Manufacture
Cisco Systems, Inc.	CSCO	Communications Equipment	Manufacture
F5 Networks, Inc.	FFIV	Communications Equipment	Manufacture
Juniper Networks, Inc.	JNPR	Communications Equipment	Manufacture
Motorola Solutions, Inc.	MSI	Communications Equipment	Manufacture
Best Buy Co., Inc.	BBY	Computer and Electronics Retail	Wholesale and Retail
Jacobs Engineering Group Inc.	J	Construction and Engineering	Architecture
Quanta Services, Inc.	PWR	Construction and Engineering	Architecture
Caterpillar Inc.	CAT	Construction Machinery and Heavy Trucks	Manufacture
Cummins Inc.	CMI	Construction Machinery and Heavy Trucks	Manufacture
PACCAR Inc	PCAR	Construction Machinery and Heavy Trucks	Manufacture
Wabtec Corporation	WAB	Construction Machinery and Heavy Trucks	Manufacture
Martin Marietta Materials, Inc.	MLM	Construction Materials	Architecture
Vulcan Materials Company	VMC	Construction Materials	Architecture
Garmin Ltd.	GRMN	Consumer Electronics	Architecture
American Express Company	AXP	Consumer Finance	Finance
Capital One Financial Corporation	COF	Consumer Finance	Finance
Discover Financial Services	DFS	Consumer Finance	Finance
Synchrony Financial	SYF	Consumer Finance	Finance
Freeport-McMoRan Inc.	FCX	Copper	Mining
Automatic Data Processing, Inc.	ADP	Data Processing and Outsourced Services	Research and Technology Services
Broadridge Financial Solutions, Inc.	BR	Data Processing and Outsourced Services	Research and Technology Services
Fidelity National Information Services, Inc.	FIS	Data Processing and Outsourced Services	Research and Technology Services
Fiserv, Inc.	FISV	Data Processing and Outsourced Services	Research and Technology Services
FLEETCOR Technologies, Inc.	FLT	Data Processing and Outsourced Services	Research and Technology Services
Global Payments Inc.	GPN	Data Processing and Outsourced Services	Research and Technology Services
Jack Henry & Associates, Inc.	JKHY	Data Processing and Outsourced Services	Research and Technology Services
Mastercard Incorporated	MA	Data Processing and Outsourced Services	Research and Technology Services
Paychex, Inc.	PAYX	Data Processing and Outsourced Services	Research and Technology Services
PayPal Holdings, Inc.	PYPL	Data Processing and Outsourced Services	Research and Technology Services
The Western Union Company	WU	Data Processing and Outsourced Services	Research and Technology Services
Visa Inc.	V	Data Processing and Outsourced Services	Research and Technology Services
Kohl's Corporation	KSS	Department Stores	Wholesale and Retail
Brown-Forman Corporation	BF.B	Distillers and Vintners	Manufacture
Constellation Brands, Inc.	STZ	Distillers and Vintners	Manufacture
Genuine Parts Company	GPC	Distributors	Manufacture
LKQ Corporation	LKQ	Distributors	Manufacture
Bank of America Corporation	BAC	Diversified Banks	Finance
Citigroup Inc.	C	Diversified Banks	Finance
JPMorgan Chase & Co.	JPM	Diversified Banks	Finance
U.S. Bancorp	USB	Diversified Banks	Finance
Wells Fargo & Company	WFC	Diversified Banks	Finance
Eastman Chemical Company	EMN	Diversified Chemicals	Manufacture
Cintas Corporation	CTAS	Diversified Support Services	Finance
Copart, Inc.	CPRT	Diversified Support Services	Finance
Walgreens Boots Alliance, Inc.	WBA	Drug Retail	Wholesale and Retail
Alliant Energy Corporation	LNT	Electric Utilities	Power, Heat, Gas and Water Production and Supply
American Electric Power Company, Inc.	AEP	Electric Utilities	Power, Heat, Gas and Water Production and Supply
Duke Energy Corporation	DUK	Electric Utilities	Power, Heat, Gas and Water Production and Supply
Edison International	EIX	Electric Utilities	Power, Heat, Gas and Water Production and Supply
Entergy Corporation	ETR	Electric Utilities	Power, Heat, Gas and Water Production and Supply
Evergy, Inc.	EVRG	Electric Utilities	Power, Heat, Gas and Water Production and Supply
Eversource Energy	ES	Electric Utilities	Power, Heat, Gas and Water Production and Supply
Exelon Corporation	EXC	Electric Utilities	Power, Heat, Gas and Water Production and Supply
FirstEnergy Corp.	FE	Electric Utilities	Power, Heat, Gas and Water Production and Supply
NextEra Energy, Inc.	NEE	Electric Utilities	Power, Heat, Gas and Water Production and Supply
NRG Energy, Inc.	NRG	Electric Utilities	Power, Heat, Gas and Water Production and Supply
Pinnacle West Capital Corporation	PNW	Electric Utilities	Power, Heat, Gas and Water Production and Supply
PPL Corporation	PPL	Electric Utilities	Power, Heat, Gas and Water Production and Supply
The Southern Company	SO	Electric Utilities	Power, Heat, Gas and Water Production and Supply
Xcel Energy Inc.	XEL	Electric Utilities	Power, Heat, Gas and Water Production and Supply
AMETEK, Inc.	AME	Electrical Components and Equipment	Manufacture
Eaton Corporation plc	ETN	Electrical Components and Equipment	Manufacture
Emerson Electric Co.	EMR	Electrical Components and Equipment	Manufacture
Rockwell Automation, Inc.	ROK	Electrical Components and Equipment	Manufacture
Amphenol Corporation	APH	Electronic Components	Manufacture
Corning Incorporated	GLW	Electronic Components	Manufacture
FLIR Systems, Inc.	FLIR	Electronic Equipment and Instruments	Manufacture
Keysight Technologies, Inc.	KEYS	Electronic Equipment and Instruments	Manufacture
Zebra Technologies Corporation	ZBRA	Electronic Equipment and Instruments	Manufacture
IPG Photonics Corporation	IPGP	Electronic Manufacturing Services	Power, Heat, Gas and Water Production and Supply
TE Connectivity Ltd.	TEL	Electronic Manufacturing Services	Power, Heat, Gas and Water Production and Supply
Republic Services, Inc.	RSG	Environmental and Facilities Services	Public Facilities Management
Rollins, Inc.	ROL	Environmental and Facilities Services	Public Facilities Management
Waste Management, Inc.	WM	Environmental and Facilities Services	Public Facilities Management
CF Industries Holdings, Inc.	CF	Fertilizers and Agricultural Chemicals	Manufacture
Corteva, Inc.	CTVA	Fertilizers and Agricultural Chemicals	Manufacture
FMC Corporation	FMC	Fertilizers and Agricultural Chemicals	Manufacture
The Mosaic Company	MOS	Fertilizers and Agricultural Chemicals	Manufacture
Cboe Global Markets, Inc.	BATS:CBOE	Financial Exchanges and Data	Finance
CME Group Inc.	CME	Financial Exchanges and Data	Finance
Intercontinental Exchange, Inc.	ICE	Financial Exchanges and Data	Finance
MarketAxess Holdings Inc.	MKTX	Financial Exchanges and Data	Finance
Moody's Corporation	MCO	Financial Exchanges and Data	Finance
MSCI Inc.	MSCI	Financial Exchanges and Data	Finance
Nasdaq, Inc.	NDAQ	Financial Exchanges and Data	Finance
S&P Global Inc.	SPGI	Financial Exchanges and Data	Finance
Sysco Corporation	SYY	Food Distributors	Wholesale and Retail
The Kroger Co.	KR	Food Retail	Wholesale and Retail
NIKE, Inc.	NKE	Footwear	Wholesale and Retail
Atmos Energy Corporation	ATO	Gas Utilities	Power, Heat, Gas and Water Production and Supply
Dollar General Corporation	DG	General Merchandise Stores	Wholesale and Retail
Dollar Tree, Inc.	DLTR	General Merchandise Stores	Wholesale and Retail
Target Corporation	TGT	General Merchandise Stores	Wholesale and Retail
Newmont Corporation	NEM	Gold	Mining
AmerisourceBergen Corporation	ABC	Health Care Distributors	Health and Society
Cardinal Health, Inc.	CAH	Health Care Distributors	Health and Society
Henry Schein, Inc.	HSIC	Health Care Distributors	Health and Society
McKesson Corporation	MCK	Health Care Distributors	Health and Society
Abbott Laboratories	ABT	Health Care Equipment	Health and Society
Abiomed, Inc.	ABMD	Health Care Equipment	Health and Society
Baxter International Inc.	BAX	Health Care Equipment	Manufacture
Becton, Dickinson and Company	BDX	Health Care Equipment	Manufacture
Boston Scientific Corporation	BSX	Health Care Equipment	Manufacture
Danaher Corporation	DHR	Health Care Equipment	Manufacture
DexCom, Inc.	DXCM	Health Care Equipment	Manufacture
Edwards Lifesciences Corporation	EW	Health Care Equipment	Manufacture
Hologic, Inc.	HOLX	Health Care Equipment	Manufacture
IDEXX Laboratories, Inc.	IDXX	Health Care Equipment	Manufacture
Intuitive Surgical, Inc.	ISRG	Health Care Equipment	Manufacture
Medtronic plc	MDT	Health Care Equipment	Manufacture
ResMed Inc.	RMD	Health Care Equipment	Manufacture
STERIS plc	STE	Health Care Equipment	Manufacture
Stryker Corporation	SYK	Health Care Equipment	Manufacture
Teleflex Incorporated	TFX	Health Care Equipment	Manufacture
Varian Medical Systems, Inc.	VAR	Health Care Equipment	Manufacture
Zimmer Biomet Holdings, Inc.	ZBH	Health Care Equipment	Manufacture
HCA Healthcare, Inc.	HCA	Health Care Facilities	Health and Society
Universal Health Services, Inc.	UHS	Health Care Facilities	Health and Society
Healthpeak Properties, Inc.	PEAK	Health Care REITs	Finance
Ventas, Inc.	VTR	Health Care REITs	Finance
Welltower Inc.	WELL	Health Care REITs	Finance
Cigna Corporation	CI	Health Care Services	Health and Society
CVS Health Corporation	CVS	Health Care Services	Health and Society
DaVita Inc.	DVA	Health Care Services	Health and Society
Laboratory Corporation of America Holdings	LH	Health Care Services	Health and Society
Quest Diagnostics Incorporated	DGX	Health Care Services	Health and Society
Align Technology, Inc.	ALGN	Health Care Supplies	Health and Society
DENTSPLY SIRONA Inc.	XRAY	Health Care Supplies	Health and Society
The Cooper Companies, Inc.	COO	Health Care Supplies	Health and Society
West Pharmaceutical Services, Inc.	WST	Health Care Supplies	Health and Society
Cerner Corporation	CERN	Health Care Technology	Health and Society
Leggett & Platt, Incorporated	LEG	Home Furnishings	Architecture
Mohawk Industries, Inc.	MHK	Home Furnishings	Architecture
Lowe's Companies, Inc.	LOW	Home Improvement Retail	Architecture
The Home Depot, Inc.	HD	Home Improvement Retail	Architecture
D.R. Horton, Inc.	DHI	Homebuilding	Architecture
Lennar Corporation	LEN	Homebuilding	Architecture
NVR, Inc.	NVR	Homebuilding	Architecture
PulteGroup, Inc.	PHM	Homebuilding	Architecture
Host Hotels & Resorts, Inc.	HST	Hotel and Resort REITs	Finance
Carnival Corporation & Plc	CCL	Hotels, Resorts and Cruise Lines	Accommodation and Catering
Hilton Worldwide Holdings Inc.	HLT	Hotels, Resorts and Cruise Lines	Accommodation and Catering
Marriott International, Inc.	MAR	Hotels, Resorts and Cruise Lines	Accommodation and Catering
Norwegian Cruise Line Holdings Ltd.	NCLH	Hotels, Resorts and Cruise Lines	Accommodation and Catering
Royal Caribbean Cruises Ltd.	RCL	Hotels, Resorts and Cruise Lines	Accommodation and Catering
Whirlpool Corporation	WHR	Household Appliances	Architecture
Church & Dwight Co., Inc.	CHD	Household Products	Manufacture
Colgate-Palmolive Company	CL	Household Products	Manufacture
Kimberly-Clark Corporation	KMB	Household Products	Manufacture
The Clorox Company	CLX	Household Products	Manufacture
The Procter & Gamble Company	PG	Household Products	Manufacture
Newell Brands Inc.	NWL	Housewares and Specialties	Architecture
Robert Half International Inc.	RHI	Human Resource and Employment Services	Leasing and Business Services
Costco Wholesale Corporation	COST	Hypermarkets and Super Centers	Wholesale and Retail
Walmart Inc.	WMT	Hypermarkets and Super Centers	Wholesale and Retail
The AES Corporation	AES	Independent Power Producers and Energy Traders	Power, Heat, Gas and Water Production and Supply
3M Company	MMM	Industrial Conglomerates	Mining
General Electric Company	GE	Industrial Conglomerates	Mining
Honeywell International Inc.	HON	Industrial Conglomerates	Mining
Roper Technologies, Inc.	ROP	Industrial Conglomerates	Mining
Air Products and Chemicals, Inc.	APD	Industrial Gases	Power, Heat, Gas and Water Production and Supply
Linde plc	LIN	Industrial Gases	Power, Heat, Gas and Water Production and Supply
Dover Corporation	DOV	Industrial Machinery	Manufacture
Flowserve Corporation	FLS	Industrial Machinery	Manufacture
Fortive Corporation	FTV	Industrial Machinery	Manufacture
IDEX Corporation	IEX	Industrial Machinery	Manufacture
Illinois Tool Works Inc.	ITW	Industrial Machinery	Manufacture
Ingersoll Rand Inc.	IR	Industrial Machinery	Manufacture
Otis Worldwide Corporation	OTIS	Industrial Machinery	Manufacture
Parker-Hannifin Corporation	PH	Industrial Machinery	Manufacture
Pentair plc	PNR	Industrial Machinery	Manufacture
Snap-on Incorporated	SNA	Industrial Machinery	Manufacture
Stanley Black & Decker, Inc.	SWK	Industrial Machinery	Manufacture
Xylem Inc.	XYL	Industrial Machinery	Manufacture
Duke Realty Corporation	DRE	Industrial REITs	Finance
Prologis, Inc.	PLD	Industrial REITs	Finance
Aon Plc	AON	Insurance Brokers	Finance
Arthur J. Gallagher & Co.	AJG	Insurance Brokers	Finance
Marsh & McLennan Companies, Inc.	MMC	Insurance Brokers	Finance
Willis Towers Watson Public Limited Company	WLTW	Insurance Brokers	Finance
Chevron Corporation	CVX	Integrated Oil and Gas	Power, Heat, Gas and Water Production and Supply
Exxon Mobil Corporation	XOM	Integrated Oil and Gas	Power, Heat, Gas and Water Production and Supply
Occidental Petroleum Corporation	OXY	Integrated Oil and Gas	Power, Heat, Gas and Water Production and Supply
AT&T Inc.	T	Integrated Telecommunication Services	Software and IT Services
Verizon Communications Inc.	VZ	Integrated Telecommunication Services	Software and IT Services
Activision Blizzard, Inc.	ATVI	Interactive Home Entertainment	Culture, Sports and Entertainment
Electronic Arts Inc.	EA	Interactive Home Entertainment	Culture, Sports and Entertainment
Take-Two Interactive Software, Inc.	TTWO	Interactive Home Entertainment	Culture, Sports and Entertainment
Alphabet Inc.	GOOG	Interactive Media and Services	Software and IT Services
Alphabet Inc.	GOOG.L	Interactive Media and Services	Software and IT Services
Facebook, Inc.	FB	Interactive Media and Services	Software and IT Services
Twitter, Inc.	TWTR	Interactive Media and Services	Software and IT Services
Amazon.com, Inc.	AMZN	Internet and Direct Marketing Retail	Wholesale and Retail
Booking Holdings Inc.	BKNG	Internet and Direct Marketing Retail	Wholesale and Retail
eBay Inc.	EBAY	Internet and Direct Marketing Retail	Wholesale and Retail
Expedia Group, Inc.	EXPE	Internet and Direct Marketing Retail	Wholesale and Retail
Akamai Technologies, Inc.	AKAM	Internet Services and Infrastructure	Software and IT Services
VeriSign, Inc.	VRSN	Internet Services and Infrastructure	Software and IT Services
E*TRADE Financial Corporation	ETFC	Investment Banking and Brokerage	Finance
Morgan Stanley	MS	Investment Banking and Brokerage	Finance
Raymond James Financial, Inc.	RJF	Investment Banking and Brokerage	Finance
The Charles Schwab Corporation	SCHW	Investment Banking and Brokerage	Finance
The Goldman Sachs Group, Inc.	GS	Investment Banking and Brokerage	Finance
Accenture plc	ACN	IT Consulting and Other Services	Software and IT Services
Cognizant Technology Solutions Corporation	CTSH	IT Consulting and Other Services	Software and IT Services
DXC Technology Company	DXC	IT Consulting and Other Services	Software and IT Services
Gartner, Inc.	IT	IT Consulting and Other Services	Software and IT Services
International Business Machines Corporation	IBM	IT Consulting and Other Services	Software and IT Services
Leidos Holdings, Inc.	LDOS	IT Consulting and Other Services	Software and IT Services
Hasbro, Inc.	HAS	Leisure Products	Manufacture
Aflac Incorporated	AFL	Life and Health Insurance	Finance
Globe Life Inc.	GL	Life and Health Insurance	Finance
Lincoln National Corporation	LNC	Life and Health Insurance	Finance
MetLife, Inc.	MET	Life and Health Insurance	Finance
Principal Financial Group, Inc.	PFG	Life and Health Insurance	Finance
Prudential Financial, Inc.	PRU	Life and Health Insurance	Finance
Unum Group	UNM	Life and Health Insurance	Finance
Agilent Technologies, Inc.	A	Life Sciences Tools and Services	Research and Technology Services
Bio-Rad Laboratories, Inc.	BIO	Life Sciences Tools and Services	Research and Technology Services
Illumina, Inc.	ILMN	Life Sciences Tools and Services	Research and Technology Services
IQVIA Holdings Inc.	IQV	Life Sciences Tools and Services	Research and Technology Services
Mettler-Toledo International Inc.	MTD	Life Sciences Tools and Services	Research and Technology Services
PerkinElmer, Inc.	PKI	Life Sciences Tools and Services	Research and Technology Services
Thermo Fisher Scientific Inc.	TMO	Life Sciences Tools and Services	Research and Technology Services
Waters Corporation	WAT	Life Sciences Tools and Services	Research and Technology Services
Anthem, Inc.	ANTM	Managed Health Care	Health and Society
Centene Corporation	CNC	Managed Health Care	Health and Society
Humana Inc.	HUM	Managed Health Care	Health and Society
UnitedHealth Group Incorporated	UNH	Managed Health Care	Health and Society
Ball Corporation	BLL	Metal and Glass Containers	Manufacture
Live Nation Entertainment, Inc.	LYV	Movies and Entertainment	Culture, Sports and Entertainment
Netflix, Inc.	NFLX	Movies and Entertainment	Culture, Sports and Entertainment
The Walt Disney Company	DIS	Movies and Entertainment	Culture, Sports and Entertainment
American International Group, Inc.	AIG	Multi-line Insurance	Finance
Assurant, Inc.	AIZ	Multi-line Insurance	Finance
The Hartford Financial Services Group, Inc.	HIG	Multi-line Insurance	Finance
Berkshire Hathaway Inc.	BRK.B	Multi-Sector Holdings	Finance
Ameren Corporation	AEE	Multi-Utilities	Public Facilities Management
CenterPoint Energy, Inc.	CNP	Multi-Utilities	Public Facilities Management
CMS Energy Corporation	CMS	Multi-Utilities	Public Facilities Management
Consolidated Edison, Inc.	ED	Multi-Utilities	Public Facilities Management
Dominion Energy, Inc.	D	Multi-Utilities	Public Facilities Management
DTE Energy Company	DTE	Multi-Utilities	Public Facilities Management
NiSource Inc.	NI	Multi-Utilities	Public Facilities Management
Public Service Enterprise Group Incorporated	PEG	Multi-Utilities	Public Facilities Management
Sempra Energy	SRE	Multi-Utilities	Public Facilities Management
WEC Energy Group, Inc.	WEC	Multi-Utilities	Public Facilities Management
Alexandria Real Estate Equities, Inc.	ARE	Office REITs	Finance
Boston Properties, Inc.	BXP	Office REITs	Finance
SL Green Realty Corp.	SLG	Office REITs	Finance
Vornado Realty Trust	VNO	Office REITs	Finance
Baker Hughes Company	BKR	Oil and Gas Equipment and Services	Mining
Halliburton Company	HAL	Oil and Gas Equipment and Services	Mining
National Oilwell Varco, Inc.	NOV	Oil and Gas Equipment and Services	Mining
Schlumberger Limited	SLB	Oil and Gas Equipment and Services	Mining
TechnipFMC plc	FTI	Oil and Gas Equipment and Services	Mining
Apache Corporation	APA	Oil and Gas Exploration and Production	Power, Heat, Gas and Water Production and Supply
Cabot Oil & Gas Corporation	COG	Oil and Gas Exploration and Production	Power, Heat, Gas and Water Production and Supply
Concho Resources Inc.	CXO	Oil and Gas Exploration and Production	Power, Heat, Gas and Water Production and Supply
ConocoPhillips	COP	Oil and Gas Exploration and Production	Power, Heat, Gas and Water Production and Supply
Devon Energy Corporation	DVN	Oil and Gas Exploration and Production	Power, Heat, Gas and Water Production and Supply
Diamondback Energy, Inc.	FANG	Oil and Gas Exploration and Production	Power, Heat, Gas and Water Production and Supply
EOG Resources, Inc.	EOG	Oil and Gas Exploration and Production	Power, Heat, Gas and Water Production and Supply
Hess Corporation	HES	Oil and Gas Exploration and Production	Power, Heat, Gas and Water Production and Supply
Marathon Oil Corporation	MRO	Oil and Gas Exploration and Production	Power, Heat, Gas and Water Production and Supply
Noble Energy, Inc.	NBL	Oil and Gas Exploration and Production	Power, Heat, Gas and Water Production and Supply
Pioneer Natural Resources Company	PXD	Oil and Gas Exploration and Production	Power, Heat, Gas and Water Production and Supply
HollyFrontier Corporation	HFC	Oil and Gas Refining and Marketing	Manufacture
Marathon Petroleum Corporation	MPC	Oil and Gas Refining and Marketing	Manufacture
Phillips 66	PSX	Oil and Gas Refining and Marketing	Manufacture
Valero Energy Corporation	VLO	Oil and Gas Refining and Marketing	Manufacture
Kinder Morgan, Inc.	KMI	Oil and Gas Storage and Transportation	Power, Heat, Gas and Water Production and Supply
ONEOK, Inc.	OKE	Oil and Gas Storage and Transportation	Power, Heat, Gas and Water Production and Supply
The Williams Companies, Inc.	WMB	Oil and Gas Storage and Transportation	Power, Heat, Gas and Water Production and Supply
Campbell Soup Company	CPB	Packaged Foods and Meats	Manufacture
Conagra Brands, Inc.	CAG	Packaged Foods and Meats	Manufacture
General Mills, Inc.	GIS	Packaged Foods and Meats	Manufacture
Hormel Foods Corporation	HRL	Packaged Foods and Meats	Manufacture
Kellogg Company	K	Packaged Foods and Meats	Manufacture
Lamb Weston Holdings, Inc.	LW	Packaged Foods and Meats	Manufacture
McCormick & Company, Incorporated	MKC	Packaged Foods and Meats	Manufacture
Mondelez International, Inc.	MDLZ	Packaged Foods and Meats	Manufacture
The Hershey Company	HSY	Packaged Foods and Meats	Manufacture
The J. M. Smucker Company	SJM	Packaged Foods and Meats	Manufacture
The Kraft Heinz Company	KHC	Packaged Foods and Meats	Manufacture
Tyson Foods, Inc.	TSN	Packaged Foods and Meats	Manufacture
Amcor plc	AMCR	Paper Packaging	Manufacture
Avery Dennison Corporation	AVY	Paper Packaging	Manufacture
International Paper Company	IP	Paper Packaging	Manufacture
Packaging Corporation of America	PKG	Paper Packaging	Manufacture
Sealed Air Corporation	SEE	Paper Packaging	Manufacture
WestRock Company	WRK	Paper Packaging	Manufacture
Coty Inc.	COTY	Personal Products	Manufacture
The Est茅e Lauder Companies Inc.	EL	Personal Products	Manufacture
Bristol-Myers Squibb Company	BMY	Pharmaceuticals	Health and Society
Eli Lilly and Company	LLY	Pharmaceuticals	Health and Society
Johnson & Johnson	JNJ	Pharmaceuticals	Health and Society
Merck & Co., Inc.	MRK	Pharmaceuticals	Health and Society
Mylan, Inc.	MYL	Pharmaceuticals	Health and Society
Perrigo Company plc	PRGO	Pharmaceuticals	Health and Society
Pfizer Inc.	PFE	Pharmaceuticals	Health and Society
Zoetis Inc.	ZTS	Pharmaceuticals	Health and Society
Chubb Limited	CB	Property and Casualty Insurance	Finance
Cincinnati Financial Corporation	CINF	Property and Casualty Insurance	Finance
Loews Corporation	L	Property and Casualty Insurance	Finance
The Allstate Corporation	ALL	Property and Casualty Insurance	Finance
The Progressive Corporation	PGR	Property and Casualty Insurance	Finance
The Travelers Companies, Inc.	TRV	Property and Casualty Insurance	Finance
W. R. Berkley Corporation	WRB	Property and Casualty Insurance	Finance
News Corporation	NWSA	Publishing	Culture, Sports and Entertainment
News Corporation	NWS	Publishing	Culture, Sports and Entertainment
CSX Corporation	CSX	Railroads	Transportation, Warehousing and Postal Services
Kansas City Southern	KSU	Railroads	Transportation, Warehousing and Postal Services
Norfolk Southern Corporation	NSC	Railroads	Transportation, Warehousing and Postal Services
Union Pacific Corporation	UNP	Railroads	Transportation, Warehousing and Postal Services
CBRE Group, Inc.	CBRE	Real Estate Services	Real Estate
Citizens Financial Group, Inc.	CFG	Regional Banks	Finance
Comerica Incorporated	CMA	Regional Banks	Finance
Fifth Third Bancorp	FITB	Regional Banks	Finance
First Republic Bank	FRC	Regional Banks	Finance
Huntington Bancshares Incorporated	HBAN	Regional Banks	Finance
KeyCorp	KEY	Regional Banks	Finance
M&T Bank Corporation	MTB	Regional Banks	Finance
People's United Financial, Inc.	PBCT	Regional Banks	Finance
Regions Financial Corporation	RF	Regional Banks	Finance
SVB Financial Group	SIVB	Regional Banks	Finance
The PNC Financial Services Group, Inc.	PNC	Regional Banks	Finance
Truist Financial Corporation	TFC	Regional Banks	Finance
Zions Bancorporation, National Association	ZION	Regional Banks	Finance
Everest Re Group, Ltd.	RE	Reinsurance	Finance
Equifax Inc.	EFX	Research and Consulting Services	Research and Technology Services
IHS Markit Ltd.	INFO	Research and Consulting Services	Research and Technology Services
Nielsen Holdings plc	NLSN	Research and Consulting Services	Research and Technology Services
Verisk Analytics, Inc.	VRSK	Research and Consulting Services	Research and Technology Services
Apartment Investment and Management Company	AIV	Residential REITs	Finance
AvalonBay Communities, Inc.	AVB	Residential REITs	Finance
Equity Residential	EQR	Residential REITs	Finance
Essex Property Trust, Inc.	ESS	Residential REITs	Finance
Mid-America Apartment Communities, Inc.	MAA	Residential REITs	Finance
UDR, Inc.	UDR	Residential REITs	Finance
Chipotle Mexican Grill, Inc.	CMG	Restaurants	Accommodation and Catering
Darden Restaurants, Inc.	DRI	Restaurants	Accommodation and Catering
Domino's Pizza, Inc.	DPZ	Restaurants	Accommodation and Catering
McDonald's Corporation	MCD	Restaurants	Accommodation and Catering
Starbucks Corporation	SBUX	Restaurants	Accommodation and Catering
Yum! Brands, Inc.	YUM	Restaurants	Accommodation and Catering
Federal Realty Investment Trust	FRT	Retail REITs	Finance
Kimco Realty Corporation	KIM	Retail REITs	Finance
Realty Income Corporation	O	Retail REITs	Finance
Regency Centers Corporation	REG	Retail REITs	Finance
Simon Property Group, Inc.	SPG	Retail REITs	Finance
Applied Materials, Inc.	AMAT	Semiconductor Equipment	Manufacture
KLA Corporation	KLAC	Semiconductor Equipment	Manufacture
Lam Research Corporation	LRCX	Semiconductor Equipment	Manufacture
Advanced Micro Devices, Inc.	AMD	Semiconductors	Software and IT Services
Analog Devices, Inc.	ADI	Semiconductors	Software and IT Services
Broadcom Inc.	AVGO	Semiconductors	Software and IT Services
Intel Corporation	INTC	Semiconductors	Software and IT Services
Maxim Integrated Products, Inc.	MXIM	Semiconductors	Software and IT Services
Microchip Technology Incorporated	MCHP	Semiconductors	Software and IT Services
Micron Technology, Inc.	MU	Semiconductors	Software and IT Services
NVIDIA Corporation	NVDA	Semiconductors	Software and IT Services
Qorvo, Inc.	QRVO	Semiconductors	Software and IT Services
QUALCOMM Incorporated	QCOM	Semiconductors	Software and IT Services
Skyworks Solutions, Inc.	SWKS	Semiconductors	Software and IT Services
Texas Instruments Incorporated	TXN	Semiconductors	Software and IT Services
Xilinx, Inc.	XLNX	Semiconductors	Software and IT Services
Monster Beverage Corporation	MNST	Soft Drinks	Manufacture
PepsiCo, Inc.	PEP	Soft Drinks	Manufacture
The Coca-Cola Company	KO	Soft Drinks	Manufacture
H&R Block, Inc.	HRB	Specialized Consumer Services	Leasing and Business Services
American Tower Corporation (REIT)	AMT	Specialized REITs	Finance
Crown Castle International Corp. (REIT)	CCI	Specialized REITs	Finance
Digital Realty Trust, Inc.	DLR	Specialized REITs	Finance
Equinix, Inc. (REIT)	EQIX	Specialized REITs	Finance
Extra Space Storage Inc.	EXR	Specialized REITs	Finance
Iron Mountain Incorporated	IRM	Specialized REITs	Finance
Public Storage	PSA	Specialized REITs	Finance
SBA Communications Corporation (REIT)	SBAC	Specialized REITs	Finance
Weyerhaeuser Company	WY	Specialized REITs	Finance
Albemarle Corporation	ALB	Specialty Chemicals	Manufacture
Celanese Corporation	CE	Specialty Chemicals	Manufacture
DuPont de Nemours, Inc.	DD	Specialty Chemicals	Manufacture
Ecolab Inc.	ECL	Specialty Chemicals	Manufacture
International Flavors & Fragrances Inc.	IFF	Specialty Chemicals	Manufacture
PPG Industries, Inc.	PPG	Specialty Chemicals	Manufacture
The Sherwin-Williams Company	SHW	Specialty Chemicals	Manufacture
Tiffany & Co.	TIF	Specialty Stores	Wholesale and Retail
Tractor Supply Company	TSCO	Specialty Stores	Wholesale and Retail
Ulta Beauty, Inc.	ULTA	Specialty Stores	Wholesale and Retail
Nucor Corporation	NUE	Steel	Mining
Fortinet, Inc.	FTNT	Systems Software	Software and IT Services
Microsoft Corporation	MSFT	Systems Software	Software and IT Services
NortonLifeLock Inc.	NLOK	Systems Software	Software and IT Services
Oracle Corporation	ORCL	Systems Software	Software and IT Services
ServiceNow, Inc.	NOW	Systems Software	Software and IT Services
CDW Corporation	CDW	Technology Distributors	Software and IT Services
Apple Inc.	AAPL	Technology Hardware, Storage and Peripherals	Software and IT Services
Hewlett Packard Enterprise Company	HPE	Technology Hardware, Storage and Peripherals	Software and IT Services
HP Inc.	HPQ	Technology Hardware, Storage and Peripherals	Software and IT Services
NetApp, Inc.	NTAP	Technology Hardware, Storage and Peripherals	Software and IT Services
Seagate Technology plc	STX	Technology Hardware, Storage and Peripherals	Software and IT Services
Western Digital Corporation	WDC	Technology Hardware, Storage and Peripherals	Software and IT Services
Xerox Holdings Corporation	XRX	Technology Hardware, Storage and Peripherals	Software and IT Services
Altria Group, Inc.	MO	Tobacco	Manufacture
Philip Morris International Inc.	PM	Tobacco	Manufacture
Fastenal Company	FAST	Trading Companies and Distributors	Manufacture
United Rentals, Inc.	URI	Trading Companies and Distributors	Manufacture
W.W. Grainger, Inc.	GWW	Trading Companies and Distributors	Manufacture
J.B. Hunt Transport Services, Inc.	JBHT	Trucking	Transportation, Warehousing and Postal Services
Old Dominion Freight Line, Inc.	ODFL	Trucking	Transportation, Warehousing and Postal Services
American Water Works Company, Inc.	AWK	Water Utilities	Public Facilities Management
T-Mobile US, Inc.	TMUS	Wireless Telecommunication Services	Software and IT Services
