TICKER	TICKER_ID
ORCL	1
MSFT	2
TROW	3
HON	4
ADM	5
FISV	6
CERN	7
KO	8
CDNS	9
ED	10
CELG	11
XRAY	12
FAST	13
DTE	14
ETN	15
XOM	16
MGM	17
WM	18
GD	19
GE	20
LH	21
PBCT	22
CHTR	23
GM	24
IBM	25
KMI	26
HCA	27
HII	28
KSU	29
MPC	30
FBHS	31
XYL	32
TRIP	33
PSX	34
FB	35
PCG	36
PEP	37
MO	38
COP	39
PVH	40
AMGN	41
CVX	42
AAPL	43
AMAT	44
MRO	45
VMC	46
FL	47
TXN	48
EIX	49
HSY	50
KR	51
CVS	52
GIS	53
KMB	54
UTX	55
PG	56
SO	57
CAT	58
CL	59
FMC	60
DE	61
BMY	62
BA	63
LUK	64
ABT	65
LMT	66
NEM	67
CAH	68
IP	69
EXC	70
CNP	71
PFE	72
EMR	73
JNJ	74
GLW	75
PPG	76
PPL	77
MMM	78
MRK	79
MSI	80
FE	81
SCG	82
CMS	83
CHD	84
CINF	85
WEC	86
TXT	87
CTAS	88
PEG	89
HAL	90
XEL	91
ETR	92
AEP	93
NEE	94
EQT	95
NOC	96
RTN	97
AEE	98
CMA	99
OKE	100
CPB	101
WHR	102
HRS	103
CA	104
F	105
DOV	106
DIS	107
L	108
K	109
VAR	110
HPQ	111
BAX	112
DUK	113
XRX	114
PNW	115
APD	116
HES	117
ALK	118
OMC	119
FLS	120
HP	121
HRL	122
MAS	123
FITB	124
NUE	125
OXY	126
RF	127
MTB	128
SHW	129
BEN	130
AJG	131
WMB	132
WFC	133
NI	134
APA	135
MAT	136
BDX	137
IFF	138
TJX	139
CMI	140
PH	141
PKI	142
JCI	143
SJM	144
JBHT	145
HBAN	146
SWK	147
MCD	148
VFC	149
AVY	150
ADP	151
MMC	152
SWKS	153
CLX	154
GPC	155
KLAC	156
JPM	157
LRCX	158
MCO	159
HUM	160
UNP	161
LNC	162
TGT	163
HRB	164
BK	165
DHR	166
RRC	167
LLY	168
SYY	169
MKC	170
RHI	171
JEC	172
EFX	173
GWW	174
LEN	175
HAS	176
IPG	177
MU	178
PHM	179
WMT	180
CAG	181
ITW	182
BLL	183
NKE	184
JWN	185
AFL	186
NTRS	187
LUV	188
LNT	189
GPS	190
AXP	191
CB	192
TAP	193
INTC	194
BAC	195
TRV	196
MDT	197
SNA	198
PNC	199
PCAR	200
CTL	201
FDX	202
LEG	203
NWL	204
AMD	205
LOW	206
PAYX	207
AON	208
NBL	209
PNR	210
TMO	211
CSX	212
TMK	213
CI	214
NSC	215
PGR	216
STZ	217
D	218
KEY	219
AOS	220
COO	221
VZ	222
T	223
USB	224
HD	225
AIG	226
STI	227
MS	228
MYL	229
RJF	230
HOG	231
APC	232
C	233
ECL	234
UNM	235
BBT	236
STT	237
SYK	238
TIF	239
CBS	240
SCHW	241
PXD	242
ADBE	243
SYMC	244
AGN	245
EOG	246
EA	247
CSCO	248
COG	249
HOLX	250
XLNX	251
AZO	252
REGN	253
TSS	254
IDXX	255
AES	256
VRTX	257
BIIB	258
QCOM	259
PRGO	260
GILD	261
ROP	262
SNPS	263
TWX	264
M	265
MHK	266
BSX	267
KSS	268
DHI	269
ESRX	270
SBUX	271
TSN	272
PX	273
PDCO	274
CHK	275
INTU	276
MCHP	277
ORLY	278
FLIR	279
ALL	280
BWA	281
UHS	282
ATVI	283
IT	284
INCY	285
NFX	286
EMN	287
ALB	288
MLM	289
TSCO	290
COF	291
MCK	292
DLTR	293
ABC	294
DRI	295
DISH	296
RMD	297
FCX	298
DVA	299
HSIC	300
NTAP	301
EL	302
WAT	303
CTXS	304
HIG	305
ALXN	306
IRM	307
ANSS	308
ETFC	309
SRCL	310
NOV	311
ZION	312
DGX	313
ROK	314
APH	315
AMZN	316
RL	317
AME	318
VLO	319
YUM	320
CHRW	321
AMG	322
MTD	323
ADSK	324
URI	325
VRSN	326
PWR	327
MAR	328
BBY	329
SEE	330
LLL	331
SRE	332
CTSH	333
RSG	334
CCI	335
EBAY	336
NVDA	337
PCLN	338
GS	339
FFIV	340
JNPR	341
SBAC	342
COST	343
DVN	344
RHT	345
BLK	346
AKAM	347
A	348
UPS	349
PKG	350
EW	351
EXPD	352
MET	353
MNST	354
ISRG	355
ILMN	356
MON	357
AET	358
FLR	359
ALGN	360
GPN	361
ADS	362
FIS	363
FTI	364
MDLZ	365
COL	366
PFG	367
AYI	368
AAP	369
PRU	370
CNC	371
NFLX	372
KMX	373
XEC	374
CMCSA	375
WYNN	376
EQIX	377
CME	378
LKQ	379
AIZ	380
NRG	381
CBG	382
CRM	383
GOOG	384
MOS	385
NWSA	386
NWS	387
NDAQ	388
DISCA	389
EXPE	390
CF	391
AMP	392
UA	393
ICE	394
VIAB	395
CMG	396
UAL	397
TDG	398
MA	399
WYN	400
HBI	401
WU	402
ROST	403
DAL	404
DFS	405
CXO	406
ULTA	407
ES	408
PM	409
V	410
AWK	411
DPS	412
UNH	413
SNI	414
DISCK	415
VRSK	416
DG	417
CBOE	418
