make,model,trans,comb,dim
happy,male,Smash,77.6,/Users/kevin/Desktop/成都80/reveal.js-d3-master/demo/d3-fig/mostphotos/happy1603700517.326661.jpg
happy,male,Smash,95.5,/Users/kevin/Desktop/成都80/reveal.js-d3-master/demo/d3-fig/mostphotos/happy1603700518.1760142.jpg
happy,male,Smash,95.6,/Users/kevin/Desktop/成都80/reveal.js-d3-master/demo/d3-fig/mostphotos/happy1603700519.023773.jpg
happy,male,Smash,87.6,/Users/kevin/Desktop/成都80/reveal.js-d3-master/demo/d3-fig/mostphotos/happy1603700519.900207.jpg
neutral,male,Smash,47.8,/Users/kevin/Desktop/成都80/reveal.js-d3-master/demo/d3-fig/mostphotos/neutral1603700520.74239.jpg
happy,male,Smash,58.6,/Users/kevin/Desktop/成都80/reveal.js-d3-master/demo/d3-fig/mostphotos/happy1603700521.6103191.jpg
happy,male,Smash,50.7,/Users/kevin/Desktop/成都80/reveal.js-d3-master/demo/d3-fig/mostphotos/happy1603700522.506832.jpg
neutral,male,Smash,40.8,/Users/kevin/Desktop/成都80/reveal.js-d3-master/demo/d3-fig/mostphotos/neutral1603700523.405709.jpg
neutral,male,Smash,38.8,/Users/kevin/Desktop/成都80/reveal.js-d3-master/demo/d3-fig/mostphotos/neutral1603700524.300628.jpg
happy,male,Smash,62.1,/Users/kevin/Desktop/成都80/reveal.js-d3-master/demo/d3-fig/mostphotos/happy1603700525.196396.jpg
happy,male,Smash,92.2,/Users/kevin/Desktop/成都80/reveal.js-d3-master/demo/d3-fig/mostphotos/happy1603700526.086389.jpg
happy,male,Smash,78.8,/Users/kevin/Desktop/成都80/reveal.js-d3-master/demo/d3-fig/mostphotos/happy1603700526.9457889.jpg
happy,male,Smash,61.4,/Users/kevin/Desktop/成都80/reveal.js-d3-master/demo/d3-fig/mostphotos/happy1603700527.83473.jpg
neutral,male,Smash,41.0,/Users/kevin/Desktop/成都80/reveal.js-d3-master/demo/d3-fig/mostphotos/neutral1603700528.7068648.jpg
happy,male,Smash,59.6,/Users/kevin/Desktop/成都80/reveal.js-d3-master/demo/d3-fig/mostphotos/happy1603700529.598928.jpg
neutral,male,Smash,34.2,/Users/kevin/Desktop/成都80/reveal.js-d3-master/demo/d3-fig/mostphotos/neutral1603700530.494289.jpg
happy,male,Smash,68.6,/Users/kevin/Desktop/成都80/reveal.js-d3-master/demo/d3-fig/mostphotos/happy1603700531.388874.jpg
happy,male,Smash,64.4,/Users/kevin/Desktop/成都80/reveal.js-d3-master/demo/d3-fig/mostphotos/happy1603700532.311852.jpg
neutral,male,Smash,50.2,/Users/kevin/Desktop/成都80/reveal.js-d3-master/demo/d3-fig/mostphotos/neutral1603700533.1849442.jpg
neutral,male,Smash,44.7,/Users/kevin/Desktop/成都80/reveal.js-d3-master/demo/d3-fig/mostphotos/neutral1603700534.0412621.jpg
happy,male,Smash,45.9,/Users/kevin/Desktop/成都80/reveal.js-d3-master/demo/d3-fig/mostphotos/happy1603700534.9016771.jpg
neutral,male,Smash,43.9,/Users/kevin/Desktop/成都80/reveal.js-d3-master/demo/d3-fig/mostphotos/neutral1603700536.595786.jpg
neutral,male,Smash,38.5,/Users/kevin/Desktop/成都80/reveal.js-d3-master/demo/d3-fig/mostphotos/neutral1603700537.4589171.jpg
neutral,male,Smash,50.1,/Users/kevin/Desktop/成都80/reveal.js-d3-master/demo/d3-fig/mostphotos/neutral1603700538.305782.jpg
neutral,male,Smash,66.1,/Users/kevin/Desktop/成都80/reveal.js-d3-master/demo/d3-fig/mostphotos/neutral1603700539.14563.jpg
neutral,male,Smash,53.6,/Users/kevin/Desktop/成都80/reveal.js-d3-master/demo/d3-fig/mostphotos/neutral1603700539.996914.jpg
neutral,male,Smash,61.5,/Users/kevin/Desktop/成都80/reveal.js-d3-master/demo/d3-fig/mostphotos/neutral1603700540.823149.jpg
neutral,male,Smash,42.2,/Users/kevin/Desktop/成都80/reveal.js-d3-master/demo/d3-fig/mostphotos/neutral1603700541.6859179.jpg
neutral,male,Smash,46.5,/Users/kevin/Desktop/成都80/reveal.js-d3-master/demo/d3-fig/mostphotos/neutral1603700542.549369.jpg
happy,male,Smash,78.6,/Users/kevin/Desktop/成都80/reveal.js-d3-master/demo/d3-fig/mostphotos/happy1603700543.414216.jpg
happy,male,Smash,71.9,/Users/kevin/Desktop/成都80/reveal.js-d3-master/demo/d3-fig/mostphotos/happy1603700544.2667038.jpg
happy,male,Smash,57.5,/Users/kevin/Desktop/成都80/reveal.js-d3-master/demo/d3-fig/mostphotos/happy1603700545.1211069.jpg
neutral,male,Smash,45.4,/Users/kevin/Desktop/成都80/reveal.js-d3-master/demo/d3-fig/mostphotos/neutral1603700545.955227.jpg
happy,male,Smash,80.2,/Users/kevin/Desktop/成都80/reveal.js-d3-master/demo/d3-fig/mostphotos/happy1603700546.8174121.jpg
happy,male,Smash,53.6,/Users/kevin/Desktop/成都80/reveal.js-d3-master/demo/d3-fig/mostphotos/happy1603700548.5359309.jpg
happy,male,Smash,63.1,/Users/kevin/Desktop/成都80/reveal.js-d3-master/demo/d3-fig/mostphotos/happy1603700549.4036.jpg
happy,male,Smash,65.0,/Users/kevin/Desktop/成都80/reveal.js-d3-master/demo/d3-fig/mostphotos/happy1603700550.269002.jpg
neutral,male,Smash,40.0,/Users/kevin/Desktop/成都80/reveal.js-d3-master/demo/d3-fig/mostphotos/neutral1603700551.124335.jpg
neutral,male,Smash,48.6,/Users/kevin/Desktop/成都80/reveal.js-d3-master/demo/d3-fig/mostphotos/neutral1603700551.959049.jpg
happy,male,Smash,66.7,/Users/kevin/Desktop/成都80/reveal.js-d3-master/demo/d3-fig/mostphotos/happy1603700553.637225.jpg
happy,male,Smash,51.7,/Users/kevin/Desktop/成都80/reveal.js-d3-master/demo/d3-fig/mostphotos/happy1603700554.5157912.jpg
neutral,male,Smash,52.0,/Users/kevin/Desktop/成都80/reveal.js-d3-master/demo/d3-fig/mostphotos/neutral1603700555.368736.jpg
neutral,male,Smash,51.2,/Users/kevin/Desktop/成都80/reveal.js-d3-master/demo/d3-fig/mostphotos/neutral1603700556.214877.jpg
happy,male,Smash,57.9,/Users/kevin/Desktop/成都80/reveal.js-d3-master/demo/d3-fig/mostphotos/happy1603700557.074975.jpg
neutral,male,Smash,47.7,/Users/kevin/Desktop/成都80/reveal.js-d3-master/demo/d3-fig/mostphotos/neutral1603700558.726636.jpg
happy,male,Smash,82.3,/Users/kevin/Desktop/成都80/reveal.js-d3-master/demo/d3-fig/mostphotos/happy1603700559.589665.jpg
happy,male,Smash,84.2,/Users/kevin/Desktop/成都80/reveal.js-d3-master/demo/d3-fig/mostphotos/happy1603700561.275777.jpg
neutral,male,Smash,64.5,/Users/kevin/Desktop/成都80/reveal.js-d3-master/demo/d3-fig/mostphotos/neutral1603700565.4384232.jpg
neutral,male,Smash,56.4,/Users/kevin/Desktop/成都80/reveal.js-d3-master/demo/d3-fig/mostphotos/neutral1603700566.272963.jpg
