78.5,26.2,,,,/Users/kevin/Desktop/成都80/reveal.js-d3-master/demo/d3-fig/mostphotos/happy1603698157.294299.jpg,/Users/kevin/Desktop/成都80/reveal.js-d3-master/demo/d3-fig/mostphotos/sad1603698155.607073.jpg,,,
86.4,,,58.7,29.4,/Users/kevin/Desktop/成都80/reveal.js-d3-master/demo/d3-fig/mostphotos/happy1603698453.090352.jpg,,,/Users/kevin/Desktop/成都80/reveal.js-d3-master/demo/d3-fig/mostphotos/fear1603698464.721314.jpg,/Users/kevin/Desktop/成都80/reveal.js-d3-master/demo/d3-fig/mostphotos/surprise1603698460.212873.jpg
96.0,89.9,,44.4,,/Users/kevin/Desktop/成都80/reveal.js-d3-master/demo/d3-fig/mostphotos/happy1603698808.9741912.jpg,/Users/kevin/Desktop/成都80/reveal.js-d3-master/demo/d3-fig/mostphotos/sad1603698812.5975502.jpg,,/Users/kevin/Desktop/成都80/reveal.js-d3-master/demo/d3-fig/mostphotos/fear1603698799.85467.jpg,
97.2,74.7,,,,/Users/kevin/Desktop/成都80/reveal.js-d3-master/demo/d3-fig/mostphotos/happy1603700130.0551648.jpg,/Users/kevin/Desktop/成都80/reveal.js-d3-master/demo/d3-fig/mostphotos/sad1603700139.6305711.jpg,,,
95.6,,,,,/Users/kevin/Desktop/成都80/reveal.js-d3-master/demo/d3-fig/mostphotos/happy1603700519.023773.jpg,,,,
88.8,80.7,,,,/Users/kevin/Desktop/成都80/reveal.js-d3-master/demo/d3-fig/mostphotos/happy1603700832.44561.jpg,/Users/kevin/Desktop/成都80/reveal.js-d3-master/demo/d3-fig/mostphotos/sad1603700848.156851.jpg,,,
88.0,,,,,./demo/d3-fig/mostphotos/happy1603701031.070095.jpg,,,,
98.6,,,,,./mostphotos/happy1603701148.8449678.jpg,,,,
95.0,77.2,,,,./mostphotos/happy1603701556.180334.jpg,./mostphotos/sad1603701558.008412.jpg,,,
84.8,,,,,./mostphotos/happy1603701782.7675579.jpg,,,,
99.3,31.2,,,,./mostphotos/happy1603701929.805962.jpg,./mostphotos/sad1603701915.582415.jpg,,,
98.6,,,,,./mostphotos/happy1603702170.52752.jpg,,,,
97.2,40.5,,,,./mostphotos/happy1603702356.654902.jpg,./mostphotos/sad1603702370.732707.jpg,,,
91.6,,,,95.1,./mostphotos/happy1603702492.882776.jpg,,,,./mostphotos/surprise1603702486.0042.jpg
