{
  "nodes": [
    {"id": "APPL", "group": 1},
    {"id": "MSF", "group": 1},
    {"id": "ORCL", "group": 1},
    {"id": "GOOG", "group": 1},
    {"id": "BABA", "group": 1},
    {"id": "FB", "group": 1},
    {"id": "NVDA", "group": 1},
    {"id": "EA", "group": 1},
    {"id": "MTCH", "group": 2},
    {"id": "TTD", "group": 1},
    {"id": "CRM", "group": 1},
    {"id": "YELP", "group": 1},
    {"id": "AMD", "group": 1}
  ],
  "links": [
    {"positive": 4, "source": "APPL", "target": "Myriel", "value": 1},
    {"positive": 6, "source": "MSF", "target": "Myriel", "value": 8},
    {"positive": 6, "source": "DFT", "target": "Myriel", "value": 10},
    {"positive": 4, "source": "Napoleon", "target": "Myriel", "value": 1},
    {"positive": 4, "source": "Mlle.Baptistine", "target": "Myriel", "value": 8},
    {"positive": 6, "source": "Mme.Magloire", "target": "Myriel", "value": 10},
    {"positive": 4, "source": "CountessdeLo", "target": "Myriel", "value": 1},
    {"positive": 4, "source": "Geborand", "target": "Myriel", "value": 1},
    {"positive": 6, "source": "Champtercier", "target": "Myriel", "value": 1},
    {"positive": 4, "source": "Cravatte", "target": "Myriel", "value": 1},
    {"positive": 4, "source": "Count", "target": "Myriel", "value": 2},
    {"positive": 6, "source": "OldMan", "target": "Myriel", "value": 1}
    
  ]
}